{"cameraMode":{"drawMode":0,"name":"Shaded","section":"Shading Mode"},"sceneLighting":true,"audioPlay":false,"sceneViewState":{"m_AlwaysRefresh":false,"showFog":true,"showSkybox":true,"showFlares":true,"showImageEffects":true,"showParticleSystems":true,"showVisualEffectGraphs":true,"m_FxEnabled":true},"in2DMode":false,"pivot":{"x":2.3191516399383547,"y":5.716804504394531,"z":6.743633270263672},"rotation":{"x":-0.018191052600741388,"y":-0.11314106732606888,"z":0.0020717873703688385,"w":-0.9934112429618836},"size":11.57875919342041,"orthographic":false}